{
    
    "goods": [
      {
        "name": "衣物",
        "type": -1,
        "foods": [
          {
            "name": "旧衣服",
            "price":40 ,
           
           
            "icon": "http://106.15.136.244:8877/upload/static/旧衣服.png"
            
          }
         

        ]
      },
      {
        "name": "书报纸",
        "type": 2,
        "foods": [
          {
            "name": "报纸",
            "price": 29,
            "oldPrice": 36,
            "rating": 20,
            "info": "",
         
            "icon": "http://106.15.136.244:8877/upload/static/报纸.jpg",
            "image": "http://106.15.136.244:8877/upload/static/报纸.jpg"
          },
          {
            "name": "草稿纸",
            "price":25 ,
           
           
            "icon": "http://106.15.136.244:8877/upload/static/草稿纸.jpg"
            
          }

        ]
      },
      {
        "name": "金属",
        "type": 1,
        "foods": [
          {
            "name": "铁锅",
            "price": 8,
            "oldPrice": 10,
            "description": "",
            "sellCount": 50,
            "rating": 100,
            "info": "",
          
            "icon": "http://106.15.136.244:8877/upload/static/铁锅.jpg",
            "image": "http://106.15.136.244:8877/upload/static/铁锅.jpg"
          },
          {
            "name": "",
            "price": 8,
            "oldPrice": 10,
            "description": "",
            "sellCount": 50,
            "rating": 100,
            "info": "",
          
            "icon": "http://106.15.136.244:8877/upload/static/铝盆.jpg",
            "image": "http://106.15.136.244:8877/upload/static/铁锅.jpg"
          }

        ]
      },
      {
        "name": "家电",
        "type": -1,
        "foods": [
          {
            "name": "电饭锅",
            "price": 17,
            "oldPrice": "",
            "description": "",
            "sellCount": 80,
            "rating": 92,
            "info": "",
           
      
            "icon": "http://106.15.136.244:8877/upload/static/电饭锅.jpg",
            "image": "http://fuss10.elemecdn.com/d/2d/b1eb45b305635d9dd04ddf157165fjpeg.jpeg?imageView2/1/w/750/h/750"
          },
          {
            "name": "电视",
            "price": 16,
            "oldPrice": "",
            "description": "",
            "sellCount": 90,
            "rating": 100,
            "info": "",
          
            "icon":"http://106.15.136.244:8877/upload/static/电视.jpg",
            "image": "http://fuss10.elemecdn.com/9/c6/f3bc84468820121112e79583c24efjpeg.jpeg?imageView2/1/w/750/h/750"
          },
          {
            "name": "冰箱",
            "price": 11,
            "oldPrice": "",
            "description": "",
            "sellCount": 120,
            "rating": 100,
            "info": "",
            
            "icon": "http://106.15.136.244:8877/upload/static/冰箱.jpg",
            "image": "http://fuss10.elemecdn.com/4/e7/8277a6a2ea0a2e97710290499fc41jpeg.jpeg?imageView2/1/w/750/h/750"
          }
        ]
      },
      {
        "name": "塑料",
        "type": -1,
        "foods": [
          {
            "name": "垃圾桶",
            "price": 4,
            "oldPrice": "",
            "description": "",
            "sellCount":50,
            "rating": 100,
            "info": "",
         
            "icon": "http://106.15.136.244:8877/upload/static/垃圾桶.jpg",
            "image": "http://fuss10.elemecdn.com/9/b5/469d8854f9a3a03797933fd01398bjpeg.jpeg?imageView2/1/w/750/h/750"
          }
          
        ]
      },
      {
        "name": "玻璃瓶",
        "type": -1,
        "foods": [
          {
            "name": "玻璃饮料瓶",
            "price": 37,
            "oldPrice": "",
          
            "sellCount": 10,
            "rating": 100,
            "info": "",
          
            "icon": "http://106.15.136.244:8877/upload/static/玻璃饮料瓶.jpg",
            "image": "http://fuss10.elemecdn.com/f/49/27f26ed00c025b2200a9ccbb7e67ejpeg.jpeg?imageView2/1/w/750/h/750"
          },
          {
            "name": "玻璃化妆瓶",
            "price": 31,
            "oldPrice": "",
            "description": "",
            "sellCount": 5,
            "rating": 100,
            "info": "",
         
            "icon": "http://106.15.136.244:8877/upload/static/玻璃化妆品.jpg",
            "image": "http://fuss10.elemecdn.com/8/96/f444a8087f0e940ef264617f9d98ajpeg.jpeg?imageView2/1/w/750/h/750"
          }
        ]
      },
      {
        "name": "电子产品",
        "type": -1,
        "foods": [
          {
            "name": "平板",
            "price": 6,
            "oldPrice": "",
            "description": "",
            "sellCount": 2050,
            "rating": "",
            "info": "",
            "ratings": [],
            "icon": "http://106.15.136.244:8877/upload/static/平板.jpg",
            "image": "http://fuss10.elemecdn.com/b/5f/b3b04c259d5ec9fa52e1856ee50dajpeg.jpeg?imageView2/1/w/750/h/750"
          },
          {
            "name": "电脑",
            "price": 6,
            "oldPrice": "",
            "description": "",
            "sellCount": 2020,
            "rating": 100,
            "info": "",
           
            "icon":  "http://106.15.136.244:8877/upload/static/电脑.jpg",
            "image": "http://fuss10.elemecdn.com/b/9f/5e6c99c593cf65229225c5661bcdejpeg.jpeg?imageView2/1/w/750/h/750"
          }
         
        ]
      },
      {
        "name": "废电池",
        "type": -1,
        "foods": [
          {
            "name": "蓄电池",
            "price": 14,
            "oldPrice": "",
            "description": "",
            "sellCount": 18,
            "rating": 96,
            "info": "",
          
            "icon": "http://106.15.136.244:8877/upload/static/蓄电池.jpg",
            "image": "http://fuss10.elemecdn.com/c/6b/29e3d29b0db63d36f7c500bca31d8jpeg.jpeg?imageView2/1/w/750/h/750"
          }
         
         
          
        ]
      }
    ]
    }
    
     